<?xml version="1.0" encoding="UTF-8"?>
<project-private xmlns="http://www.netbeans.org/ns/project-private/1">
    <editor-bookmarks xmlns="http://www.netbeans.org/ns/editor-bookmarks/2" lastBookmarkId="0"/>
    <open-files xmlns="http://www.netbeans.org/ns/projectui-open-files/2">
        <group>
            <file>file:/C:/Users/João%20Nuno/Desktop/DssTrab/src/dsstrab/Encomenda.java</file>
            <file>file:/C:/Users/João%20Nuno/Desktop/DssTrab/src/dsstrab/Gestao_Componentes.java</file>
            <file>file:/C:/Users/João%20Nuno/Desktop/DssTrab/src/dsstrab/Componente.java</file>
            <file>file:/C:/Users/João%20Nuno/Desktop/DssTrab/src/dsstrab/Menu.java</file>
            <file>file:/C:/Users/João%20Nuno/Desktop/DssTrab/src/dsstrab/conf.txt</file>
            <file>file:/C:/Users/João%20Nuno/Desktop/DssTrab/src/dsstrab/DssTrab.java</file>
            <file>file:/C:/Users/João%20Nuno/Desktop/DssTrab/src/dsstrab/Pacote.java</file>
        </group>
    </open-files>
</project-private>
